{
    "apply_settings_1138915711469752340": {
        "applyroom": "1194960870569168897",
        "appliesroom": "1194960870569168897",
        "resultsroom": "1194960870569168897",
        "adminrole": "1184479791458570261"
    },
    "apply_1129832146505314388": {
        "roleid": "1205273690456203325",
        "ask1": "اسمك",
        "ask2": "عمرك",
        "ask3": "مده تفاعلك",
        "ask4": "ما هي خبراتك في الميكر",
        "ask5": "ب ايش تفيدنا ؟ + تحط الشعار 𝐁𝐭"
    },
    "apply_settings_1129832146505314388": {
        "applyroom": "1205273843984240702",
        "appliesroom": "1205273842512166952",
        "resultsroom": "1205379583164162088",
        "adminrole": "1205273684756140032"
    }
}