{
    "msgid_1138915711469752340": "1196511531194646750",
    "msgid_1194736694910537870": "1196531099606728744",
    "tokens_1194736694910537870": [
        "MTE5NjExNzQxODk1MTU3Nzc1MQ.GDNNcU.XL8pNsKFb78vrV0UefFw-A_rhiqExEBTRDvBT4",
        "MTE5NjExNjc0NTIwNzk1OTU4NA.G7KbaY.l_UZ3w5uscFOEgjZe3Zi8_7fkIyoLjMYZgmWj0",
        "MTE5NjExNjQ2MjI5Nzk1MjI3Ng.G7ayaQ.dfO21B9cCXclO6RY3mRxExYkHF1zwLjlkcBBOc",
        "MTE5NjExNTU3NjA0MTUyNTM2OA.G7BCBJ.JGBFSZBJSTrP7Zt0ow1z-E0qOoVvbs4nGMKrZ4"
    ],
    "broadcast_msg_1194736694910537870": "hi",
    "msgid_1129832146505314388": "1205565026736406538",
    "tokens_1129832146505314388": [
        "MTIwNTM3OTA4MDQzODk0Mzc0NA.GZODqm.g_fv0mMgdug0Z8MUtLNYsuatsq0zJ3yfDv-_SM",
        "MTE3MDUyNDI0Mzc1NTI3ODQzOA.GeGaDF.9wLNWFjGzoadR4dNzc2BHgymjjIxmPRx7Owly0",
        "MTIwMzUyOTA1ODU4Mzk3ODA4NA.Gv_Qko.xom68bptLzu2NaJh3PlQwwaZbD1HYRtZL5Fjvk"
    ],
    "broadcast_msg_1129832146505314388": "تم فتح السيرفر شيك هنا <#1205273871972835429>"
}