{
    "giveaways_1196636460200230942": [
        {
            "messageid": "1205345063295778816",
            "channelid": "1196636460200230944",
            "entries": [],
            "winners": 1,
            "prize": "100",
            "duration": -1,
            "dir1": 1707447067,
            "dir2": 1707447067662,
            "host": "930924322023940137",
            "ended": true
        }
    ],
    "giveaways_1129832146505314388": [
        {
            "messageid": "1206030448875151380",
            "channelid": "1205273841325314088",
            "entries": [
                "<@999001593133400064>",
                "<@930924322023940137>"
            ],
            "winners": 1,
            "prize": "50",
            "duration": 86400,
            "dir1": 1707696865,
            "dir2": 1707696865624,
            "host": "930924322023940137",
            "ended": false
        }
    ]
}