{
    "codes_1138915711469752340": [
        {
            "code": "KING ON TOP",
            "usergift": 20,
            "maxuse": 15,
            "users": [
                "1121481417373786214",
                "999001593133400064",
                "1033590546368823346",
                "834176554598793256",
                "660867126449537026",
                "959576576327049268",
                "1095912592247111701"
            ],
            "usersnow": 7
        }
    ],
    "codes_1196636460200230942": [
        {
            "code": "1",
            "usergift": 1,
            "maxuse": 1,
            "users": [
                "930924322023940137"
            ],
            "usersnow": 1
        }
    ],
    "codes_1129832146505314388": [
        {
            "code": "Beta Back",
            "usergift": 10,
            "maxuse": 10,
            "users": [
                "999001593133400064",
                "930924322023940137",
                "958663462656036865",
                "1053814926952644700"
            ],
            "usersnow": 4
        }
    ]
}