{
    "XMfP-vbK3-rzSB_1138915711469752340": {
        "type": "تقديمات",
        "token": "MTE3Mzk0OTYyNjU2MzQzMjQ5MQ.GeXimZ.y6DgDZGVroTOxFIs3PsycTYMXRlNgzFp1BTx1M",
        "prefix": "!",
        "userid": "891047071807840316",
        "guildid": "1138915711469752340",
        "serverid": "عام",
        "price": 20
    },
    "aAzI-dbSw-XsYo_1138915711469752340": {
        "type": "تقديمات",
        "token": "MTE3Mzk0OTYyNjU2MzQzMjQ5MQ.GeXimZ.y6DgDZGVroTOxFIs3PsycTYMXRlNgzFp1BTx1M",
        "prefix": "!",
        "userid": "891047071807840316",
        "guildid": "1138915711469752340",
        "serverid": "عام",
        "price": 20
    },
    "MwcE-QdWz-GosC_1138915711469752340": {
        "type": "تقديمات",
        "token": "MTE5NDg4Nzc3OTA0MjIwMTY0MA.GSdEnH.WklcZ6izvo3Hu-CRJtwKQ97BmKn8WN_fAHnsEo",
        "prefix": "+",
        "userid": "891047071807840316",
        "guildid": "1138915711469752340",
        "serverid": "عام",
        "price": 20
    },
    "unAR-EhV8-1Bsr_1138915711469752340": {
        "type": "برودكاست عادي",
        "token": "MTE5NDg4Nzc3OTA0MjIwMTY0MA.GSdEnH.WklcZ6izvo3Hu-CRJtwKQ97BmKn8WN_fAHnsEo",
        "prefix": "!",
        "userid": "891047071807840316",
        "guildid": "1138915711469752340",
        "serverid": "عام",
        "price": 20
    },
    "zaAp-GyvQ-uCNu_1138915711469752340": {
        "type": "برودكاست",
        "token": "MTE5NjUxMDA0NTczOTk1MDI3Mg.GQtest.4AWBLZ3IU1JaE2reinb0rJMr4SmztxQH2QENzg",
        "prefix": "+",
        "userid": "891047071807840316",
        "guildid": "1138915711469752340",
        "serverid": "عام",
        "price": 40
    },
    "xo1k-979a-PH1X_1138915711469752340": {
        "type": "تقديمات",
        "token": "MTE3Mzk0OTYyNjU2MzQzMjQ5MQ.GeXimZ.y6DgDZGVroTOxFIs3PsycTYMXRlNgzFp1BTx1M",
        "prefix": "!",
        "userid": "891047071807840316",
        "guildid": "1138915711469752340",
        "serverid": "عام",
        "price": 20
    },
    "4Idk-NJGa-h8LA_1138915711469752340": {
        "type": "اشتراك بوت ميكر التيميت لمدة شهر",
        "token": "MTE5NjUyMTQ4NjQ0NjUxMDIwMg.GAf1B-.fyzxj9dSsiGH5ic-C4Xu5BZ_RknM5lRy7OZx1M",
        "prefix": "/",
        "userid": "989485259303292958",
        "guildid": "1138915711469752340",
        "serverid": "1195747014617608283",
        "price": 300
    },
    "Hapf-tJPk-ZFNO_1138915711469752340": {
        "type": "برودكاست",
        "token": "MTE5NDc0MTU5NjY5Mjk0NzA5Nw.Gd1HNg.KKD-zLOI1kiEPURa9A_OCYsIQIFeUwwId2I4GY",
        "prefix": "-",
        "userid": "1121481417373786214",
        "guildid": "1138915711469752340",
        "serverid": "عام",
        "price": 40
    },
    "x05i-sYlY-7Ngp_1195747014617608283": {
        "type": "جيف اواي",
        "token": "Msvhcivekbfgksjhfggwohctiwhgfohrbjgfgkwggcogfowhfcohrgidgyowhcgjhwhchgukghsgjxjgkwbblpjgc",
        "prefix": "+",
        "userid": "1109538263305310238",
        "guildid": "1195747014617608283",
        "serverid": "عام",
        "price": 15
    },
    "nL2x-R82T-zOxj_1196636460200230942": {
        "type": "سيستم",
        "token": "MTIwMzUwMzg0Nzg3MjY2MzYxMg.Gz2tpN.PVrVDS0_mYTw5I4UF4IHaK-5R0uSVIf3MLusRc",
        "prefix": "#",
        "userid": "930924322023940137",
        "guildid": "1196636460200230942",
        "serverid": "عام",
        "price": 35
    },
    "AzrO-ittS-tPKq_1196636460200230942": {
        "type": "اشتراك بوت ميكر التيميت لمدة شهر",
        "token": "MTIwMzE0MTQ3NDY5NTM4OTE5Ng.Gm_eWR.bWTSPbq4SWb2IhtAgaOQMVcQ0CPYfD8YaXSDGQ",
        "prefix": "#",
        "userid": "930924322023940137",
        "guildid": "1196636460200230942",
        "serverid": "1196636460200230942",
        "price": 550
    },
    "5v5l-yYG7-tg6f_1196636460200230942": {
        "type": "تقديمات",
        "token": "MTIwMzUwMzg0Nzg3MjY2MzYxMg.GhwzEO.Dt-xcgkhi5yuP-TC50JWFMlSdQbrlkCFIoGr_8",
        "prefix": "!",
        "userid": "930924322023940137",
        "guildid": "1196636460200230942",
        "serverid": "عام",
        "price": 20
    },
    "Yhec-bx3J-GAtj_1196636460200230942": {
        "type": "تقديمات",
        "token": "MTIwMzUwMzg0Nzg3MjY2MzYxMg.GhwzEO.Dt-xcgkhi5yuP-TC50JWFMlSdQbrlkCFIoGr_8",
        "prefix": "-",
        "userid": "930924322023940137",
        "guildid": "1196636460200230942",
        "serverid": "عام",
        "price": 20
    },
    "eRsO-Yhz9-bk2v_1196636460200230942": {
        "type": "خط تلقائي",
        "token": "MTIwMzUwMzg0Nzg3MjY2MzYxMg.GhwzEO.Dt-xcgkhi5yuP-TC50JWFMlSdQbrlkCFIoGr_8",
        "prefix": "!",
        "userid": "930924322023940137",
        "guildid": "1196636460200230942",
        "serverid": "عام",
        "price": 15
    },
    "9l4Q-gXCS-uwMW_1196636460200230942": {
        "type": "بلاك ليست",
        "token": "MTIwMzUwMzg0Nzg3MjY2MzYxMg.GhwzEO.Dt-xcgkhi5yuP-TC50JWFMlSdQbrlkCFIoGr_8",
        "prefix": "!",
        "userid": "930924322023940137",
        "guildid": "1196636460200230942",
        "serverid": "عام",
        "price": 15
    },
    "4WFv-8Fzp-NLNM_1196636460200230942": {
        "type": "برودكاست",
        "token": "MTIwMzUwMzg0Nzg3MjY2MzYxMg.GhwzEO.Dt-xcgkhi5yuP-TC50JWFMlSdQbrlkCFIoGr_8",
        "prefix": "!",
        "userid": "930924322023940137",
        "guildid": "1196636460200230942",
        "serverid": "عام",
        "price": 40
    },
    "ltdd-5sHz-9BGc_1196636460200230942": {
        "type": "برودكاست عادي",
        "token": "MTIwMzUwMzg0Nzg3MjY2MzYxMg.GhwzEO.Dt-xcgkhi5yuP-TC50JWFMlSdQbrlkCFIoGr_8",
        "prefix": "!",
        "userid": "930924322023940137",
        "guildid": "1196636460200230942",
        "serverid": "عام",
        "price": 20
    },
    "RW31-p3vW-KOZB_1196636460200230942": {
        "type": "كريدت وهمي",
        "token": "MTIwMzUwMzg0Nzg3MjY2MzYxMg.GhwzEO.Dt-xcgkhi5yuP-TC50JWFMlSdQbrlkCFIoGr_8",
        "prefix": "!",
        "userid": "930924322023940137",
        "guildid": "1196636460200230942",
        "serverid": "عام",
        "price": 15
    },
    "ZBZO-VIXs-jjYp_1196636460200230942": {
        "type": "كريدت وهمي",
        "token": "MTIwMzUwMzg0Nzg3MjY2MzYxMg.GEMt6f.XQCwrTneUggrmbLP-GYrTMBCkWeGFgWQtvZRQY",
        "prefix": "@",
        "userid": "930924322023940137",
        "guildid": "1196636460200230942",
        "serverid": "عام",
        "price": 15
    },
    "VS52-MRO4-lfep_1196636460200230942": {
        "type": "اراء",
        "token": "MTIwMzUwMzg0Nzg3MjY2MzYxMg.GEMt6f.XQCwrTneUggrmbLP-GYrTMBCkWeGFgWQtvZRQY",
        "prefix": "!",
        "userid": "930924322023940137",
        "guildid": "1196636460200230942",
        "serverid": "عام",
        "price": 15
    },
    "5IaG-nHav-yDdX_1196636460200230942": {
        "type": "جيف اواي",
        "token": "MTIwMzUwMzg0Nzg3MjY2MzYxMg.GEMt6f.XQCwrTneUggrmbLP-GYrTMBCkWeGFgWQtvZRQY",
        "prefix": "!",
        "userid": "930924322023940137",
        "guildid": "1196636460200230942",
        "serverid": "عام",
        "price": 15
    },
    "7VBc-zhGl-WSW3_1196636460200230942": {
        "type": "لوج",
        "token": "MTIwMzUwMzg0Nzg3MjY2MzYxMg.GEMt6f.XQCwrTneUggrmbLP-GYrTMBCkWeGFgWQtvZRQY",
        "prefix": "!",
        "userid": "930924322023940137",
        "guildid": "1196636460200230942",
        "serverid": "عام",
        "price": 15
    },
    "74rN-9zwA-ttCg_1196636460200230942": {
        "type": "ناديكو",
        "token": "MTIwMzUwMzg0Nzg3MjY2MzYxMg.GEMt6f.XQCwrTneUggrmbLP-GYrTMBCkWeGFgWQtvZRQY",
        "prefix": "!",
        "userid": "930924322023940137",
        "guildid": "1196636460200230942",
        "serverid": "عام",
        "price": 15
    },
    "Rtv0-tIiP-FX3Q_1196636460200230942": {
        "type": "بروبوت بريميوم وهمي",
        "token": "MTIwMzUwMzg0Nzg3MjY2MzYxMg.GEMt6f.XQCwrTneUggrmbLP-GYrTMBCkWeGFgWQtvZRQY",
        "prefix": "!",
        "userid": "930924322023940137",
        "guildid": "1196636460200230942",
        "serverid": "عام",
        "price": 15
    },
    "9mwW-vcrG-40Me_1196636460200230942": {
        "type": "حماية",
        "token": "MTIwMzUwMzg0Nzg3MjY2MzYxMg.GEMt6f.XQCwrTneUggrmbLP-GYrTMBCkWeGFgWQtvZRQY",
        "prefix": "!",
        "userid": "930924322023940137",
        "guildid": "1196636460200230942",
        "serverid": "عام",
        "price": 20
    },
    "AKmW-Uy52-GmDD_1196636460200230942": {
        "type": "نصابين",
        "token": "MTIwMzUwMzg0Nzg3MjY2MzYxMg.GEMt6f.XQCwrTneUggrmbLP-GYrTMBCkWeGFgWQtvZRQY",
        "prefix": "!",
        "userid": "930924322023940137",
        "guildid": "1196636460200230942",
        "serverid": "عام",
        "price": 15
    },
    "YgJZ-vhgE-EmWp_1196636460200230942": {
        "type": "اقتراحات",
        "token": "MTIwMzUwMzg0Nzg3MjY2MzYxMg.Gb1r1m.njk4PG2O65qjYbsH7uRxyw6E9hoYOJaO4EH5x8",
        "prefix": "!",
        "userid": "930924322023940137",
        "guildid": "1196636460200230942",
        "serverid": "عام",
        "price": 15
    },
    "aOUU-XIlz-p3Wb_1196636460200230942": {
        "type": "ضريبة",
        "token": "MTIwMzUwMzg0Nzg3MjY2MzYxMg.Gb1r1m.njk4PG2O65qjYbsH7uRxyw6E9hoYOJaO4EH5x8",
        "prefix": "!",
        "userid": "930924322023940137",
        "guildid": "1196636460200230942",
        "serverid": "عام",
        "price": 15
    },
    "AQk5-kRMM-cnQd_1196636460200230942": {
        "type": "تكت",
        "token": "MTIwMzUwMzg0Nzg3MjY2MzYxMg.Gb1r1m.njk4PG2O65qjYbsH7uRxyw6E9hoYOJaO4EH5x8",
        "prefix": "!",
        "userid": "930924322023940137",
        "guildid": "1196636460200230942",
        "serverid": "عام",
        "price": 40
    },
    "Xe07-Ixwg-KYdE_1196636460200230942": {
        "type": "تكت",
        "token": "MTIwMzUwMzg0Nzg3MjY2MzYxMg.Gc7uAY.ZK0RfnOp-0jvhCR1YehHoFNI2r9WdKQlwWwSlg",
        "prefix": "#",
        "userid": "930924322023940137",
        "guildid": "1196636460200230942",
        "serverid": "عام",
        "price": 40
    },
    "sZga-uQ5r-iQzd_1129832146505314388": {
        "type": "جيف اواي",
        "token": "MTIwNjAzMDI2Mzk5ODQ4MDQxNA.GnPH08.zYQsP11C6Jv6PZjxj9hVKLwNpFR_-mVRhtsiDI",
        "prefix": "!",
        "userid": "930924322023940137",
        "guildid": "1129832146505314388",
        "serverid": "عام",
        "price": 15
    }
}