{
    "TIMELEFTSUB": [
        {
            "serverId": "1170093278406918144",
            "owner": "1154204882895642696",
            "Whitelist": 1,
            "Type": "BotMaker Tier 3",
            "startTime": "2023-11-26 21:06:54",
            "endTime": "2023-12-26 21:06:54"
        },
        {
            "serverId": "1170093278406918144",
            "owner": "1154204882895642696",
            "Whitelist": 2,
            "Type": "BotMaker Tier 1",
            "startTime": "2023-11-26 21:43:04",
            "endTime": "2023-12-26 21:43:04"
        },
        {
            "serverId": "1180658669646524537",
            "owner": "1148933797346279484",
            "Whitelist": 3,
            "Type": "BotMaker Tier 3",
            "startTime": "2023-12-03 03:05:15",
            "endTime": "2024-01-02 03:05:15"
        },
        {
            "serverId": "1180658669646524537",
            "owner": "1148933797346279484",
            "Whitelist": 4,
            "Type": "BotMaker Tier 1",
            "startTime": "2023-12-03 03:12:24",
            "endTime": "2024-01-02 03:12:24"
        },
        {
            "serverId": "1180259261390012426",
            "owner": "1148933797346279484",
            "Whitelist": 5,
            "Type": "BotMaker Tier 3",
            "startTime": "2024-01-08 03:39:13",
            "endTime": "2024-02-07 03:39:13"
        },
        {
            "serverId": "1192566113670799490",
            "owner": "1173752261617397824",
            "Whitelist": 6,
            "Type": "BotMaker Tier 3",
            "startTime": "2024-01-09 03:07:58",
            "endTime": "2024-02-08 03:07:58"
        },
        {
            "serverId": "1180259261390012426",
            "owner": "1148933797346279484",
            "Whitelist": 7,
            "Type": "BotMaker Tier 3",
            "startTime": "2024-01-12 22:31:50",
            "endTime": "2024-02-11 22:31:50"
        }
    ]
}