{
    "ticket": [
        {
            "token": "MTIwNTM3NjMxMTE2MjQ0MTczOA.Gvq7yy.cd7NSmJb1b90yQ-jGIS_b-GTwr_Cydw1y5VKWk",
            "prefix": "!",
            "clientId": "1205376311162441738",
            "owner": "930924322023940137",
            "timeleft": 2629744
        }
    ],
    "apply": [],
    "Bc": [],
    "giveaway": [
        {
            "token": "MTIwNjAzMDI2Mzk5ODQ4MDQxNA.GnPH08.zYQsP11C6Jv6PZjxj9hVKLwNpFR_-mVRhtsiDI",
            "prefix": "!",
            "clientId": "1206030263998480414",
            "owner": "930924322023940137",
            "timeleft": 2629744
        }
    ]
}