{
    "tokens_Tier_3": [
        {
            "token": "MTE5MzczMDU0MDkwMjMwNTkwNA.GqCliA.iURdeMn93MFkZbBGTEaoYNk0SXE9ZZv5npspH8",
            "CLIENTID": "1193730540902305904",
            "Premuim": 3
        },
        {
            "token": "MTE5MjE5NTc1MjM5OTczNjg1Mg.GFlIMy.dGfqDDkA2aofwcePuXoCUByqM1_dzpZ_1NuU-M",
            "CLIENTID": "1192195752399736852",
            "Premuim": 4
        },
        {
            "token": "MTE5NTE3NjM4MDYxNTM2ODcwNA.G2LQHw.c9krAfK1eGZeAM9wbPF5EK9EX773ThDTYN87uY",
            "CLIENTID": "1195176380615368704",
            "Premuim": 5
        }
    ]
}