{
    "system_Status_1180685731153326171": {
        "Activity": "test",
        "Type": "STREAMING",
        "Presence": "dnd"
    },
    "system_Status_1195556637453328384": {
        "Activity": "شكشك",
        "Type": "WATCHING",
        "Presence": ""
    },
    "system_Status_1197124907797065818": {
        "Activity": "ك",
        "Type": "COMPETING",
        "Presence": "dnd"
    },
    "system_Status_1193893621435473930": {
        "Activity": "https://discord.gg/crFPWpgMeG",
        "Type": "WATCHING",
        "Presence": "online"
    }
}