{
    "Autoreply_1160031061582024744": [],
    "ReplyID_1160031061582024744": 2,
    "Autoreply_1141772804841283634": [
        {
            "word": "hi",
            "reply": "hh",
            "replyonmessage": "True",
            "mention": "True",
            "deletemessage": "True",
            "Wildcard": "True",
            "AddedBy": "486771429237456897",
            "ID": 1
        },
        {
            "word": "السلام عليكم",
            "reply": "وعليكم السلام ياقمر",
            "replyonmessage": "True",
            "mention": "True",
            "deletemessage": "False",
            "Wildcard": "True",
            "AddedBy": "486771429237456897",
            "ID": 2
        }
    ],
    "ReplyID_1141772804841283634": 3,
    "Autoreply_922494860676698142": [
        {
            "word": "السلام عليكم",
            "reply": "وعليكم السلام ياقمر",
            "replyonmessage": "True",
            "mention": "True",
            "deletemessage": "False",
            "Wildcard": "True",
            "AddedBy": "486771429237456897",
            "ID": 1
        },
        {
            "word": "صباح الخير",
            "reply": "الصباح الورد علي عيونك",
            "replyonmessage": "True",
            "mention": "True",
            "deletemessage": "False",
            "Wildcard": "True",
            "AddedBy": "486771429237456897",
            "ID": 2
        },
        {
            "word": "حاكم",
            "reply": "عايز اي من زفت",
            "replyonmessage": "True",
            "mention": "True",
            "deletemessage": "False",
            "Wildcard": "True",
            "AddedBy": "486771429237456897",
            "ID": 3
        },
        {
            "word": "قيصر",
            "reply": "عايز اي من زوفت",
            "replyonmessage": "True",
            "mention": "True",
            "deletemessage": "False",
            "Wildcard": "True",
            "AddedBy": "486771429237456897",
            "ID": 4
        },
        {
            "word": "شيكا",
            "reply": "اسمو المهندس الباشا الكبير شيكا",
            "replyonmessage": "True",
            "mention": "True",
            "deletemessage": "False",
            "Wildcard": "True",
            "AddedBy": "486771429237456897",
            "ID": 5
        }
    ],
    "ReplyID_922494860676698142": 6,
    "Autoreply_1194980954830274633": [
        {
            "word": "كيفك",
            "reply": "بخير",
            "replyonmessage": "True",
            "mention": "False",
            "deletemessage": "False",
            "Wildcard": "False",
            "AddedBy": "1173752261617397824",
            "ID": 2
        }
    ],
    "ReplyID_1194980954830274633": 3,
    "Autoreply_896728142012637284": [
        {
            "word": "السلام عليكم",
            "reply": "وعليكم السلام منور ياغالي",
            "replyonmessage": "True",
            "mention": "True",
            "deletemessage": "False",
            "Wildcard": "True",
            "AddedBy": "486771429237456897",
            "ID": 1
        },
        {
            "word": "صباح الخير",
            "reply": "صباح النور والسرور يغالي",
            "replyonmessage": "True",
            "mention": "True",
            "deletemessage": "False",
            "Wildcard": "True",
            "AddedBy": "486771429237456897",
            "ID": 2
        },
        {
            "word": "مساء الخير",
            "reply": "مساء العسل علي عيونك",
            "replyonmessage": "True",
            "mention": "True",
            "deletemessage": "False",
            "Wildcard": "True",
            "AddedBy": "486771429237456897",
            "ID": 3
        },
        {
            "word": "باندا",
            "reply": "عايز اي من زفت",
            "replyonmessage": "True",
            "mention": "True",
            "deletemessage": "False",
            "Wildcard": "True",
            "AddedBy": "486771429237456897",
            "ID": 4
        },
        {
            "word": "خط",
            "reply": "https://cdn.discordapp.com/attachments/1164418673096798348/1178189328988512366/676508845576683525-2.gif?ex=65b5d6d1&is=65a361d1&hm=1cf18e0f1af7bd92fa3b4c0f5d971bb4db1e4d9d6c4be5ad9b34503b73e9b105&",
            "replyonmessage": "False",
            "mention": "False",
            "deletemessage": "True",
            "Wildcard": "True",
            "AddedBy": "486771429237456897",
            "ID": 5
        },
        {
            "word": "بانده",
            "reply": "عايز اي من زفت",
            "replyonmessage": "True",
            "mention": "True",
            "deletemessage": "False",
            "Wildcard": "True",
            "AddedBy": "486771429237456897",
            "ID": 6
        },
        {
            "word": "شيكا",
            "reply": "قلب شكشك",
            "replyonmessage": "True",
            "mention": "True",
            "deletemessage": "False",
            "Wildcard": "True",
            "AddedBy": "486771429237456897",
            "ID": 7
        }
    ],
    "ReplyID_896728142012637284": 8,
    "Autoreply_1195463197726085210": [
        {
            "word": "يصير اسوي طلبات؟",
            "reply": "يب",
            "replyonmessage": "True",
            "mention": "True",
            "deletemessage": "False",
            "Wildcard": "True",
            "AddedBy": "1076111692305551390",
            "ID": 1
        },
        {
            "word": "السلام عليكم",
            "reply": "عليكم ورحمه الله وبركاته <:emoji_12:1195624798961803365>",
            "replyonmessage": "True",
            "mention": "True",
            "deletemessage": "False",
            "Wildcard": "True",
            "AddedBy": "1076111692305551390",
            "ID": 2
        },
        {
            "word": "كيفكم",
            "reply": "بخير دامك بخير 🌹",
            "replyonmessage": "True",
            "mention": "True",
            "deletemessage": "False",
            "Wildcard": "True",
            "AddedBy": "1076111692305551390",
            "ID": 4
        }
    ],
    "ReplyID_1195463197726085210": 5,
    "Autoreply_1196800015893528729": [
        {
            "word": "السلام عليكم",
            "reply": "وعليكم السلام ورحمة الله و بركاتة",
            "replyonmessage": "True",
            "mention": "True",
            "deletemessage": "False",
            "Wildcard": "True",
            "AddedBy": "1156207542028996609",
            "ID": 1
        }
    ],
    "ReplyID_1196800015893528729": 2,
    "Autoreply_1163554276195455097": [
        {
            "word": "سلام عليكم",
            "reply": "وعليكم السلام",
            "replyonmessage": "False",
            "mention": "False",
            "deletemessage": "False",
            "Wildcard": "False",
            "AddedBy": "773874453632253963",
            "ID": 1
        }
    ],
    "ReplyID_1163554276195455097": 3
}