{
    "PanalNumber_1195212262160486471": {
        "panalID": "1",
        "buttonsNumber": "1"
    },
    "PanalNumber_1196835670870720602": {
        "panalID": "1",
        "optionsNumber": "1"
    },
    "ticketOption_1_1": 17,
    "climedBy_1196836132504211456": "1076111692305551390",
    "PanalNumber_1197102640308441158": {
        "panalID": "1",
        "optionsNumber": "1"
    },
    "PanalNumber_1197106949725102191": {
        "panalID": "2",
        "optionsNumber": "2"
    },
    "ticketOption_1_2": 7,
    "PanalNumber_1197110864436789288": {
        "panalID": "1",
        "buttonsNumber": "1"
    },
    "PanalNumber_1197511001915002981": {
        "panalID": "1",
        "optionsNumber": "3"
    },
    "PanalNumber_1197511536319664198": {
        "panalID": "1",
        "optionsNumber": "3"
    },
    "PanalNumber_1197651311978631250": {
        "panalID": "1",
        "optionsNumber": "3"
    }
}